{"loss":{"0":0.504294157,"1":0.2677580118,"2":0.2382239997,"3":0.221273452,"4":0.2042599171,"5":0.1925848126,"6":0.1865375042,"7":0.1825684011,"8":0.1813308448,"9":0.169420138,"10":0.1708330512,"11":0.1668972373,"12":0.1639129519,"13":0.1613043398,"14":0.1596985012},"accuracy":{"0":0.8460606933,"1":0.9102913141,"2":0.9214234352,"3":0.9252660871,"4":0.9315074682,"5":0.9360488057,"6":0.93712008,"7":0.9389598966,"8":0.9399846196,"9":0.9430587292,"10":0.9434313774,"11":0.9448752999,"12":0.9457370043,"13":0.9468082786,"14":0.9473206401},"val_loss":{"0":0.2213683724,"1":0.1718402058,"2":0.1701402664,"3":0.1657915413,"4":0.1569661647,"5":0.1391275525,"6":0.1468903422,"7":0.1343588531,"8":0.1509921849,"9":0.1469305456,"10":0.1294648051,"11":0.1169498414,"12":0.1476197839,"13":0.1524375081,"14":0.1328583211},"val_accuracy":{"0":0.9280628562,"1":0.94498384,"2":0.9443365932,"3":0.9459084868,"4":0.9474803805,"5":0.9531206489,"6":0.9510864615,"7":0.9564493895,"8":0.949422121,"9":0.952196002,"10":0.9575589299,"11":0.9604253173,"12":0.9525659084,"13":0.9526583552,"14":0.9571890831}}