{"loss":{"0":0.8157910109,"1":0.3096393347,"2":0.2280736864,"3":0.1822787225,"4":0.148691237,"5":0.1245391443,"6":0.1203803048,"7":0.1002736613,"8":0.0963292643,"9":0.0851805136},"accuracy":{"0":0.8444770575,"1":0.9223083854,"2":0.9378187656,"3":0.9485782385,"4":0.9571951032,"5":0.9624816775,"6":0.9630405903,"7":0.9678846598,"8":0.9703299999,"9":0.9738932252},"val_loss":{"0":0.2498850524,"1":0.1697304696,"2":0.1455909908,"3":0.1278314441,"4":0.1095881835,"5":0.0998172238,"6":0.0976171494,"7":0.0850385278,"8":0.0805758461,"9":0.0866406038},"val_accuracy":{"0":0.9364771247,"1":0.9550623894,"2":0.9611650705,"3":0.9646787047,"4":0.9703189731,"5":0.97263062,"6":0.9733703136,"7":0.9760518074,"8":0.9778085947,"9":0.9768839478}}