{"loss":{"0":0.5166320205,"1":0.3046421707,"2":0.2776418626,"3":0.2510582507,"4":0.2440670133,"5":0.2312366962,"6":0.2215112001,"7":0.2171396762,"8":0.2176551968,"9":0.2070608437,"10":0.2064526677,"11":0.1955561936},"accuracy":{"0":0.8417522311,"1":0.8996949196,"2":0.909196794,"3":0.9177670479,"4":0.9211206436,"5":0.9262208939,"6":0.9284100533,"7":0.9294580817,"8":0.9313212037,"9":0.933626771,"10":0.9339528084,"11":0.9381914139},"val_loss":{"0":0.2302300483,"1":0.2151999772,"2":0.1756567806,"3":0.1576428413,"4":0.1594572663,"5":0.1646944433,"6":0.1426043957,"7":0.1605662405,"8":0.1311676651,"9":0.1423690319,"10":0.1504502147,"11":0.1555067748},"val_accuracy":{"0":0.9238095284,"1":0.9297272563,"2":0.9425797462,"3":0.9477577209,"4":0.9469255805,"5":0.9470180273,"6":0.9540452957,"7":0.9513638616,"8":0.9576514363,"9":0.9546000957,"10":0.9534904957,"11":0.9533980489}}